Playlist Id-si,Kanal Id-si,Yaradıldığı vaxt,Yeniləndiyi vaxt,Başlıq,Təsvir,Görünmə dərəcəsi
LLTU8Qt3k-BNANXqdPsBB68Q,UCTU8Qt3k-BNANXqdPsBB68Q,2021-02-04 20:25:24 UTC,2022-10-09 07:59:44 UTC,Liked videos,,Şəxsi

Video Id-si,Əlavə edildiyi vaxt
73w4K6kc898,2022-10-04 16:46:42 UTC
qQsfd5CEMXc,2022-07-17 08:53:24 UTC
y5Zte2Kr7jA,2022-07-17 08:40:37 UTC
f2myZJI5PG8,2022-07-17 08:04:23 UTC
NRW9H0xY678,2022-04-16 13:21:37 UTC
wIX6CZXIiGs,2022-04-16 13:20:48 UTC
9ypkX9bioEQ,2022-04-16 13:20:40 UTC
vQY4VnU452I,2022-04-10 13:10:29 UTC
4GDidQU-nqI,2022-04-08 07:35:07 UTC
dBlwvqa8AKA,2022-04-06 11:12:18 UTC
pVf6zQmsb3E,2022-03-26 17:58:23 UTC
e0kHuTch4n0,2022-03-26 16:32:10 UTC
6jXjANz9buY,2022-03-22 20:16:26 UTC
X596J99sKms,2022-03-22 20:03:17 UTC
gBI2LEk4If4,2022-03-19 19:33:40 UTC
0yM0W3MjoDA,2022-02-07 19:18:28 UTC
8S-_krS9t7o,2022-02-06 03:36:03 UTC
rJ6SdLATW38,2022-01-14 20:03:45 UTC
5foKU-I5M8E,2022-01-13 13:20:48 UTC
TXFK7qlas70,2021-12-14 20:33:19 UTC
SpStlW_jo9g,2021-11-26 14:38:11 UTC
gs-Z_9BFvWk,2021-11-26 07:09:32 UTC
gmCdFtE8rhI,2021-11-15 19:59:42 UTC
tQ-iE6pvW7o,2021-11-15 19:51:14 UTC
0uYbITLg9vE,2021-07-19 20:57:59 UTC
Bk2wHn01Qqk,2021-07-19 16:41:54 UTC
 -lEmnA_JeEs,2021-05-14 18:10:11 UTC
LvT9Hz9ZUuM,2021-03-29 13:14:04 UTC
fEzDN3pjLKY,2021-03-29 13:13:56 UTC
RjVaf4Hjwh4,2021-03-29 13:13:36 UTC
8CT-u_ytduI,2021-03-19 08:37:26 UTC
5ubtlem3pXs,2021-03-17 18:46:46 UTC
ygbmrL3q4y8,2021-02-16 09:18:46 UTC
Gx65mcbGT3o,2021-02-04 20:25:24 UTC

